"","","","","","","","pSum",""
"1",1e-04,1e-04,0.181818181818182,1e-04,0.181818181818182,0.181818181818182,0.545454545454545,0.454545454545455
"2",1e-04,1e-04,0.181818181818182,1e-04,0.181818181818182,0.0909090909090909,0.454545454545455,0.545454545454545
"3",1e-04,1e-04,0.181818181818182,1e-04,0.181818181818182,1e-04,0.363636363636364,0.636363636363636
"4",1e-04,1e-04,0.181818181818182,1e-04,0.0909090909090909,0.181818181818182,0.454545454545455,0.545454545454545
"5",1e-04,1e-04,0.181818181818182,1e-04,0.0909090909090909,0.0909090909090909,0.363636363636364,0.636363636363636
"6",1e-04,1e-04,0.181818181818182,1e-04,0.0909090909090909,1e-04,0.272727272727273,0.727272727272727
"7",1e-04,1e-04,0.181818181818182,1e-04,1e-04,0.181818181818182,0.363636363636364,0.636363636363636
"8",1e-04,1e-04,0.181818181818182,1e-04,1e-04,0.0909090909090909,0.272727272727273,0.727272727272727
"9",1e-04,1e-04,0.181818181818182,1e-04,1e-04,1e-04,0.181818181818182,0.818181818181818
"10",1e-04,1e-04,0.181818181818182,1e-04,0.181818181818182,0.181818181818182,0.545454545454545,0.454545454545455
"11",1e-04,1e-04,0.181818181818182,1e-04,0.181818181818182,0.0909090909090909,0.454545454545455,0.545454545454545
"12",1e-04,1e-04,0.181818181818182,1e-04,0.181818181818182,1e-04,0.363636363636364,0.636363636363636
"13",1e-04,1e-04,0.181818181818182,1e-04,0.0909090909090909,0.181818181818182,0.454545454545455,0.545454545454545
"14",1e-04,1e-04,0.181818181818182,1e-04,0.0909090909090909,0.0909090909090909,0.363636363636364,0.636363636363636
"15",1e-04,1e-04,0.181818181818182,1e-04,0.0909090909090909,1e-04,0.272727272727273,0.727272727272727
"16",1e-04,1e-04,0.181818181818182,1e-04,1e-04,0.181818181818182,0.363636363636364,0.636363636363636
"17",1e-04,1e-04,0.181818181818182,1e-04,1e-04,0.0909090909090909,0.272727272727273,0.727272727272727
"18",1e-04,1e-04,0.181818181818182,1e-04,1e-04,1e-04,0.181818181818182,0.818181818181818
"19",1e-04,1e-04,0.181818181818182,1e-04,0.181818181818182,0.181818181818182,0.545454545454545,0.454545454545455
"20",1e-04,1e-04,0.181818181818182,1e-04,0.181818181818182,0.0909090909090909,0.454545454545455,0.545454545454545
"21",1e-04,1e-04,0.181818181818182,1e-04,0.181818181818182,1e-04,0.363636363636364,0.636363636363636
"22",1e-04,1e-04,0.181818181818182,1e-04,0.0909090909090909,0.181818181818182,0.454545454545455,0.545454545454545
"23",1e-04,1e-04,0.181818181818182,1e-04,0.0909090909090909,0.0909090909090909,0.363636363636364,0.636363636363636
"24",1e-04,1e-04,0.181818181818182,1e-04,0.0909090909090909,1e-04,0.272727272727273,0.727272727272727
"25",1e-04,1e-04,0.181818181818182,1e-04,1e-04,0.181818181818182,0.363636363636364,0.636363636363636
"26",1e-04,1e-04,0.181818181818182,1e-04,1e-04,0.0909090909090909,0.272727272727273,0.727272727272727
"27",1e-04,1e-04,0.181818181818182,1e-04,1e-04,1e-04,0.181818181818182,0.818181818181818
"28",1e-04,1e-04,0.0909090909090909,1e-04,0.181818181818182,0.181818181818182,0.454545454545455,0.545454545454545
"29",1e-04,1e-04,0.0909090909090909,1e-04,0.181818181818182,0.0909090909090909,0.363636363636364,0.636363636363636
"30",1e-04,1e-04,0.0909090909090909,1e-04,0.181818181818182,1e-04,0.272727272727273,0.727272727272727
"31",1e-04,1e-04,0.0909090909090909,1e-04,0.0909090909090909,0.181818181818182,0.363636363636364,0.636363636363636
"32",1e-04,1e-04,0.0909090909090909,1e-04,0.0909090909090909,0.0909090909090909,0.272727272727273,0.727272727272727
"33",1e-04,1e-04,0.0909090909090909,1e-04,0.0909090909090909,1e-04,0.181818181818182,0.818181818181818
"34",1e-04,1e-04,0.0909090909090909,1e-04,1e-04,0.181818181818182,0.272727272727273,0.727272727272727
"35",1e-04,1e-04,0.0909090909090909,1e-04,1e-04,0.0909090909090909,0.181818181818182,0.818181818181818
"36",1e-04,1e-04,0.0909090909090909,1e-04,1e-04,1e-04,0.0909090909090909,0.909090909090909
"37",1e-04,1e-04,0.0909090909090909,1e-04,0.181818181818182,0.181818181818182,0.454545454545455,0.545454545454545
"38",1e-04,1e-04,0.0909090909090909,1e-04,0.181818181818182,0.0909090909090909,0.363636363636364,0.636363636363636
"39",1e-04,1e-04,0.0909090909090909,1e-04,0.181818181818182,1e-04,0.272727272727273,0.727272727272727
"40",1e-04,1e-04,0.0909090909090909,1e-04,0.0909090909090909,0.181818181818182,0.363636363636364,0.636363636363636
"41",1e-04,1e-04,0.0909090909090909,1e-04,0.0909090909090909,0.0909090909090909,0.272727272727273,0.727272727272727
"42",1e-04,1e-04,0.0909090909090909,1e-04,0.0909090909090909,1e-04,0.181818181818182,0.818181818181818
"43",1e-04,1e-04,0.0909090909090909,1e-04,1e-04,0.181818181818182,0.272727272727273,0.727272727272727
"44",1e-04,1e-04,0.0909090909090909,1e-04,1e-04,0.0909090909090909,0.181818181818182,0.818181818181818
"45",1e-04,1e-04,0.0909090909090909,1e-04,1e-04,1e-04,0.0909090909090909,0.909090909090909
"46",1e-04,1e-04,0.0909090909090909,1e-04,0.181818181818182,0.181818181818182,0.454545454545455,0.545454545454545
"47",1e-04,1e-04,0.0909090909090909,1e-04,0.181818181818182,0.0909090909090909,0.363636363636364,0.636363636363636
"48",1e-04,1e-04,0.0909090909090909,1e-04,0.181818181818182,1e-04,0.272727272727273,0.727272727272727
"49",1e-04,1e-04,0.0909090909090909,1e-04,0.0909090909090909,0.181818181818182,0.363636363636364,0.636363636363636
"50",1e-04,1e-04,0.0909090909090909,1e-04,0.0909090909090909,0.0909090909090909,0.272727272727273,0.727272727272727
"51",1e-04,1e-04,0.0909090909090909,1e-04,0.0909090909090909,1e-04,0.181818181818182,0.818181818181818
"52",1e-04,1e-04,0.0909090909090909,1e-04,1e-04,0.181818181818182,0.272727272727273,0.727272727272727
"53",1e-04,1e-04,0.0909090909090909,1e-04,1e-04,0.0909090909090909,0.181818181818182,0.818181818181818
"54",1e-04,1e-04,0.0909090909090909,1e-04,1e-04,1e-04,0.0909090909090909,0.909090909090909
"55",1e-04,1e-04,1e-04,1e-04,0.181818181818182,0.181818181818182,0.363636363636364,0.636363636363636
"56",1e-04,1e-04,1e-04,1e-04,0.181818181818182,0.0909090909090909,0.272727272727273,0.727272727272727
"57",1e-04,1e-04,1e-04,1e-04,0.181818181818182,1e-04,0.181818181818182,0.818181818181818
"58",1e-04,1e-04,1e-04,1e-04,0.0909090909090909,0.181818181818182,0.272727272727273,0.727272727272727
"59",1e-04,1e-04,1e-04,1e-04,0.0909090909090909,0.0909090909090909,0.181818181818182,0.818181818181818
"60",1e-04,1e-04,1e-04,1e-04,0.0909090909090909,1e-04,0.0909090909090909,0.909090909090909
"61",1e-04,1e-04,1e-04,1e-04,1e-04,0.181818181818182,0.181818181818182,0.818181818181818
"62",1e-04,1e-04,1e-04,1e-04,1e-04,0.0909090909090909,0.0909090909090909,0.909090909090909
"63",1e-04,1e-04,1e-04,1e-04,1e-04,1e-04,1e-04,0.9999
"64",1e-04,1e-04,1e-04,1e-04,0.181818181818182,0.181818181818182,0.363636363636364,0.636363636363636
"65",1e-04,1e-04,1e-04,1e-04,0.181818181818182,0.0909090909090909,0.272727272727273,0.727272727272727
"66",1e-04,1e-04,1e-04,1e-04,0.181818181818182,1e-04,0.181818181818182,0.818181818181818
"67",1e-04,1e-04,1e-04,1e-04,0.0909090909090909,0.181818181818182,0.272727272727273,0.727272727272727
"68",1e-04,1e-04,1e-04,1e-04,0.0909090909090909,0.0909090909090909,0.181818181818182,0.818181818181818
"69",1e-04,1e-04,1e-04,1e-04,0.0909090909090909,1e-04,0.0909090909090909,0.909090909090909
"70",1e-04,1e-04,1e-04,1e-04,1e-04,0.181818181818182,0.181818181818182,0.818181818181818
"71",1e-04,1e-04,1e-04,1e-04,1e-04,0.0909090909090909,0.0909090909090909,0.909090909090909
"72",1e-04,1e-04,1e-04,1e-04,1e-04,1e-04,1e-04,0.9999
"73",1e-04,1e-04,1e-04,1e-04,0.181818181818182,0.181818181818182,0.363636363636364,0.636363636363636
"74",1e-04,1e-04,1e-04,1e-04,0.181818181818182,0.0909090909090909,0.272727272727273,0.727272727272727
"75",1e-04,1e-04,1e-04,1e-04,0.181818181818182,1e-04,0.181818181818182,0.818181818181818
"76",1e-04,1e-04,1e-04,1e-04,0.0909090909090909,0.181818181818182,0.272727272727273,0.727272727272727
"77",1e-04,1e-04,1e-04,1e-04,0.0909090909090909,0.0909090909090909,0.181818181818182,0.818181818181818
"78",1e-04,1e-04,1e-04,1e-04,0.0909090909090909,1e-04,0.0909090909090909,0.909090909090909
"79",1e-04,1e-04,1e-04,1e-04,1e-04,0.181818181818182,0.181818181818182,0.818181818181818
"80",1e-04,1e-04,1e-04,1e-04,1e-04,0.0909090909090909,0.0909090909090909,0.909090909090909
"81",1e-04,1e-04,1e-04,1e-04,1e-04,1e-04,1e-04,0.9999
"82",1e-04,0.272727272727273,0.181818181818182,1e-04,0.181818181818182,0.181818181818182,0.818181818181818,0.181818181818182
"83",1e-04,0.272727272727273,0.181818181818182,1e-04,0.181818181818182,0.0909090909090909,0.727272727272727,0.272727272727273
"84",1e-04,0.272727272727273,0.181818181818182,1e-04,0.181818181818182,1e-04,0.636363636363636,0.363636363636364
"85",1e-04,0.272727272727273,0.181818181818182,1e-04,0.0909090909090909,0.181818181818182,0.727272727272727,0.272727272727273
"86",1e-04,0.272727272727273,0.181818181818182,1e-04,0.0909090909090909,0.0909090909090909,0.636363636363636,0.363636363636364
"87",1e-04,0.272727272727273,0.181818181818182,1e-04,0.0909090909090909,1e-04,0.545454545454545,0.454545454545455
"88",1e-04,0.272727272727273,0.181818181818182,1e-04,1e-04,0.181818181818182,0.636363636363636,0.363636363636364
"89",1e-04,0.272727272727273,0.181818181818182,1e-04,1e-04,0.0909090909090909,0.545454545454545,0.454545454545455
"90",1e-04,0.272727272727273,0.181818181818182,1e-04,1e-04,1e-04,0.454545454545455,0.545454545454545
"91",1e-04,0.272727272727273,0.181818181818182,1e-04,0.181818181818182,0.181818181818182,0.818181818181818,0.181818181818182
"92",1e-04,0.272727272727273,0.181818181818182,1e-04,0.181818181818182,0.0909090909090909,0.727272727272727,0.272727272727273
"93",1e-04,0.272727272727273,0.181818181818182,1e-04,0.181818181818182,1e-04,0.636363636363636,0.363636363636364
"94",1e-04,0.272727272727273,0.181818181818182,1e-04,0.0909090909090909,0.181818181818182,0.727272727272727,0.272727272727273
"95",1e-04,0.272727272727273,0.181818181818182,1e-04,0.0909090909090909,0.0909090909090909,0.636363636363636,0.363636363636364
"96",1e-04,0.272727272727273,0.181818181818182,1e-04,0.0909090909090909,1e-04,0.545454545454545,0.454545454545455
"97",1e-04,0.272727272727273,0.181818181818182,1e-04,1e-04,0.181818181818182,0.636363636363636,0.363636363636364
"98",1e-04,0.272727272727273,0.181818181818182,1e-04,1e-04,0.0909090909090909,0.545454545454545,0.454545454545455
"99",1e-04,0.272727272727273,0.181818181818182,1e-04,1e-04,1e-04,0.454545454545455,0.545454545454545
"100",1e-04,0.272727272727273,0.181818181818182,1e-04,0.181818181818182,0.181818181818182,0.818181818181818,0.181818181818182
"101",1e-04,0.272727272727273,0.181818181818182,1e-04,0.181818181818182,0.0909090909090909,0.727272727272727,0.272727272727273
"102",1e-04,0.272727272727273,0.181818181818182,1e-04,0.181818181818182,1e-04,0.636363636363636,0.363636363636364
"103",1e-04,0.272727272727273,0.181818181818182,1e-04,0.0909090909090909,0.181818181818182,0.727272727272727,0.272727272727273
"104",1e-04,0.272727272727273,0.181818181818182,1e-04,0.0909090909090909,0.0909090909090909,0.636363636363636,0.363636363636364
"105",1e-04,0.272727272727273,0.181818181818182,1e-04,0.0909090909090909,1e-04,0.545454545454545,0.454545454545455
"106",1e-04,0.272727272727273,0.181818181818182,1e-04,1e-04,0.181818181818182,0.636363636363636,0.363636363636364
"107",1e-04,0.272727272727273,0.181818181818182,1e-04,1e-04,0.0909090909090909,0.545454545454545,0.454545454545455
"108",1e-04,0.272727272727273,0.181818181818182,1e-04,1e-04,1e-04,0.454545454545455,0.545454545454545
"109",1e-04,0.272727272727273,0.0909090909090909,1e-04,0.181818181818182,0.181818181818182,0.727272727272727,0.272727272727273
"110",1e-04,0.272727272727273,0.0909090909090909,1e-04,0.181818181818182,0.0909090909090909,0.636363636363636,0.363636363636364
"111",1e-04,0.272727272727273,0.0909090909090909,1e-04,0.181818181818182,1e-04,0.545454545454545,0.454545454545455
"112",1e-04,0.272727272727273,0.0909090909090909,1e-04,0.0909090909090909,0.181818181818182,0.636363636363636,0.363636363636364
"113",1e-04,0.272727272727273,0.0909090909090909,1e-04,0.0909090909090909,0.0909090909090909,0.545454545454545,0.454545454545455
"114",1e-04,0.272727272727273,0.0909090909090909,1e-04,0.0909090909090909,1e-04,0.454545454545455,0.545454545454545
"115",1e-04,0.272727272727273,0.0909090909090909,1e-04,1e-04,0.181818181818182,0.545454545454545,0.454545454545455
"116",1e-04,0.272727272727273,0.0909090909090909,1e-04,1e-04,0.0909090909090909,0.454545454545455,0.545454545454545
"117",1e-04,0.272727272727273,0.0909090909090909,1e-04,1e-04,1e-04,0.363636363636364,0.636363636363636
"118",1e-04,0.272727272727273,0.0909090909090909,1e-04,0.181818181818182,0.181818181818182,0.727272727272727,0.272727272727273
"119",1e-04,0.272727272727273,0.0909090909090909,1e-04,0.181818181818182,0.0909090909090909,0.636363636363636,0.363636363636364
"120",1e-04,0.272727272727273,0.0909090909090909,1e-04,0.181818181818182,1e-04,0.545454545454545,0.454545454545455
"121",1e-04,0.272727272727273,0.0909090909090909,1e-04,0.0909090909090909,0.181818181818182,0.636363636363636,0.363636363636364
"122",1e-04,0.272727272727273,0.0909090909090909,1e-04,0.0909090909090909,0.0909090909090909,0.545454545454545,0.454545454545455
"123",1e-04,0.272727272727273,0.0909090909090909,1e-04,0.0909090909090909,1e-04,0.454545454545455,0.545454545454545
"124",1e-04,0.272727272727273,0.0909090909090909,1e-04,1e-04,0.181818181818182,0.545454545454545,0.454545454545455
"125",1e-04,0.272727272727273,0.0909090909090909,1e-04,1e-04,0.0909090909090909,0.454545454545455,0.545454545454545
"126",1e-04,0.272727272727273,0.0909090909090909,1e-04,1e-04,1e-04,0.363636363636364,0.636363636363636
"127",1e-04,0.272727272727273,0.0909090909090909,1e-04,0.181818181818182,0.181818181818182,0.727272727272727,0.272727272727273
"128",1e-04,0.272727272727273,0.0909090909090909,1e-04,0.181818181818182,0.0909090909090909,0.636363636363636,0.363636363636364
"129",1e-04,0.272727272727273,0.0909090909090909,1e-04,0.181818181818182,1e-04,0.545454545454545,0.454545454545455
"130",1e-04,0.272727272727273,0.0909090909090909,1e-04,0.0909090909090909,0.181818181818182,0.636363636363636,0.363636363636364
"131",1e-04,0.272727272727273,0.0909090909090909,1e-04,0.0909090909090909,0.0909090909090909,0.545454545454545,0.454545454545455
"132",1e-04,0.272727272727273,0.0909090909090909,1e-04,0.0909090909090909,1e-04,0.454545454545455,0.545454545454545
"133",1e-04,0.272727272727273,0.0909090909090909,1e-04,1e-04,0.181818181818182,0.545454545454545,0.454545454545455
"134",1e-04,0.272727272727273,0.0909090909090909,1e-04,1e-04,0.0909090909090909,0.454545454545455,0.545454545454545
"135",1e-04,0.272727272727273,0.0909090909090909,1e-04,1e-04,1e-04,0.363636363636364,0.636363636363636
"136",1e-04,0.272727272727273,1e-04,1e-04,0.181818181818182,0.181818181818182,0.636363636363636,0.363636363636364
"137",1e-04,0.272727272727273,1e-04,1e-04,0.181818181818182,0.0909090909090909,0.545454545454545,0.454545454545455
"138",1e-04,0.272727272727273,1e-04,1e-04,0.181818181818182,1e-04,0.454545454545455,0.545454545454545
"139",1e-04,0.272727272727273,1e-04,1e-04,0.0909090909090909,0.181818181818182,0.545454545454545,0.454545454545455
"140",1e-04,0.272727272727273,1e-04,1e-04,0.0909090909090909,0.0909090909090909,0.454545454545455,0.545454545454545
"141",1e-04,0.272727272727273,1e-04,1e-04,0.0909090909090909,1e-04,0.363636363636364,0.636363636363636
"142",1e-04,0.272727272727273,1e-04,1e-04,1e-04,0.181818181818182,0.454545454545455,0.545454545454545
"143",1e-04,0.272727272727273,1e-04,1e-04,1e-04,0.0909090909090909,0.363636363636364,0.636363636363636
"144",1e-04,0.272727272727273,1e-04,1e-04,1e-04,1e-04,0.272727272727273,0.727272727272727
"145",1e-04,0.272727272727273,1e-04,1e-04,0.181818181818182,0.181818181818182,0.636363636363636,0.363636363636364
"146",1e-04,0.272727272727273,1e-04,1e-04,0.181818181818182,0.0909090909090909,0.545454545454545,0.454545454545455
"147",1e-04,0.272727272727273,1e-04,1e-04,0.181818181818182,1e-04,0.454545454545455,0.545454545454545
"148",1e-04,0.272727272727273,1e-04,1e-04,0.0909090909090909,0.181818181818182,0.545454545454545,0.454545454545455
"149",1e-04,0.272727272727273,1e-04,1e-04,0.0909090909090909,0.0909090909090909,0.454545454545455,0.545454545454545
"150",1e-04,0.272727272727273,1e-04,1e-04,0.0909090909090909,1e-04,0.363636363636364,0.636363636363636
"151",1e-04,0.272727272727273,1e-04,1e-04,1e-04,0.181818181818182,0.454545454545455,0.545454545454545
"152",1e-04,0.272727272727273,1e-04,1e-04,1e-04,0.0909090909090909,0.363636363636364,0.636363636363636
"153",1e-04,0.272727272727273,1e-04,1e-04,1e-04,1e-04,0.272727272727273,0.727272727272727
"154",1e-04,0.272727272727273,1e-04,1e-04,0.181818181818182,0.181818181818182,0.636363636363636,0.363636363636364
"155",1e-04,0.272727272727273,1e-04,1e-04,0.181818181818182,0.0909090909090909,0.545454545454545,0.454545454545455
"156",1e-04,0.272727272727273,1e-04,1e-04,0.181818181818182,1e-04,0.454545454545455,0.545454545454545
"157",1e-04,0.272727272727273,1e-04,1e-04,0.0909090909090909,0.181818181818182,0.545454545454545,0.454545454545455
"158",1e-04,0.272727272727273,1e-04,1e-04,0.0909090909090909,0.0909090909090909,0.454545454545455,0.545454545454545
"159",1e-04,0.272727272727273,1e-04,1e-04,0.0909090909090909,1e-04,0.363636363636364,0.636363636363636
"160",1e-04,0.272727272727273,1e-04,1e-04,1e-04,0.181818181818182,0.454545454545455,0.545454545454545
"161",1e-04,0.272727272727273,1e-04,1e-04,1e-04,0.0909090909090909,0.363636363636364,0.636363636363636
"162",1e-04,0.272727272727273,1e-04,1e-04,1e-04,1e-04,0.272727272727273,0.727272727272727
"163",0.0909090909090909,1e-04,0.181818181818182,1e-04,0.181818181818182,0.181818181818182,0.636363636363636,0.363636363636364
"164",0.0909090909090909,1e-04,0.181818181818182,1e-04,0.181818181818182,0.0909090909090909,0.545454545454545,0.454545454545455
"165",0.0909090909090909,1e-04,0.181818181818182,1e-04,0.181818181818182,1e-04,0.454545454545455,0.545454545454545
"166",0.0909090909090909,1e-04,0.181818181818182,1e-04,0.0909090909090909,0.181818181818182,0.545454545454545,0.454545454545455
"167",0.0909090909090909,1e-04,0.181818181818182,1e-04,0.0909090909090909,0.0909090909090909,0.454545454545455,0.545454545454545
"168",0.0909090909090909,1e-04,0.181818181818182,1e-04,0.0909090909090909,1e-04,0.363636363636364,0.636363636363636
"169",0.0909090909090909,1e-04,0.181818181818182,1e-04,1e-04,0.181818181818182,0.454545454545455,0.545454545454545
"170",0.0909090909090909,1e-04,0.181818181818182,1e-04,1e-04,0.0909090909090909,0.363636363636364,0.636363636363636
"171",0.0909090909090909,1e-04,0.181818181818182,1e-04,1e-04,1e-04,0.272727272727273,0.727272727272727
"172",0.0909090909090909,1e-04,0.181818181818182,1e-04,0.181818181818182,0.181818181818182,0.636363636363636,0.363636363636364
"173",0.0909090909090909,1e-04,0.181818181818182,1e-04,0.181818181818182,0.0909090909090909,0.545454545454545,0.454545454545455
"174",0.0909090909090909,1e-04,0.181818181818182,1e-04,0.181818181818182,1e-04,0.454545454545455,0.545454545454545
"175",0.0909090909090909,1e-04,0.181818181818182,1e-04,0.0909090909090909,0.181818181818182,0.545454545454545,0.454545454545455
"176",0.0909090909090909,1e-04,0.181818181818182,1e-04,0.0909090909090909,0.0909090909090909,0.454545454545455,0.545454545454545
"177",0.0909090909090909,1e-04,0.181818181818182,1e-04,0.0909090909090909,1e-04,0.363636363636364,0.636363636363636
"178",0.0909090909090909,1e-04,0.181818181818182,1e-04,1e-04,0.181818181818182,0.454545454545455,0.545454545454545
"179",0.0909090909090909,1e-04,0.181818181818182,1e-04,1e-04,0.0909090909090909,0.363636363636364,0.636363636363636
"180",0.0909090909090909,1e-04,0.181818181818182,1e-04,1e-04,1e-04,0.272727272727273,0.727272727272727
"181",0.0909090909090909,1e-04,0.181818181818182,1e-04,0.181818181818182,0.181818181818182,0.636363636363636,0.363636363636364
"182",0.0909090909090909,1e-04,0.181818181818182,1e-04,0.181818181818182,0.0909090909090909,0.545454545454545,0.454545454545455
"183",0.0909090909090909,1e-04,0.181818181818182,1e-04,0.181818181818182,1e-04,0.454545454545455,0.545454545454545
"184",0.0909090909090909,1e-04,0.181818181818182,1e-04,0.0909090909090909,0.181818181818182,0.545454545454545,0.454545454545455
"185",0.0909090909090909,1e-04,0.181818181818182,1e-04,0.0909090909090909,0.0909090909090909,0.454545454545455,0.545454545454545
"186",0.0909090909090909,1e-04,0.181818181818182,1e-04,0.0909090909090909,1e-04,0.363636363636364,0.636363636363636
"187",0.0909090909090909,1e-04,0.181818181818182,1e-04,1e-04,0.181818181818182,0.454545454545455,0.545454545454545
"188",0.0909090909090909,1e-04,0.181818181818182,1e-04,1e-04,0.0909090909090909,0.363636363636364,0.636363636363636
"189",0.0909090909090909,1e-04,0.181818181818182,1e-04,1e-04,1e-04,0.272727272727273,0.727272727272727
"190",0.0909090909090909,1e-04,0.0909090909090909,1e-04,0.181818181818182,0.181818181818182,0.545454545454545,0.454545454545455
"191",0.0909090909090909,1e-04,0.0909090909090909,1e-04,0.181818181818182,0.0909090909090909,0.454545454545455,0.545454545454545
"192",0.0909090909090909,1e-04,0.0909090909090909,1e-04,0.181818181818182,1e-04,0.363636363636364,0.636363636363636
"193",0.0909090909090909,1e-04,0.0909090909090909,1e-04,0.0909090909090909,0.181818181818182,0.454545454545455,0.545454545454545
"194",0.0909090909090909,1e-04,0.0909090909090909,1e-04,0.0909090909090909,0.0909090909090909,0.363636363636364,0.636363636363636
"195",0.0909090909090909,1e-04,0.0909090909090909,1e-04,0.0909090909090909,1e-04,0.272727272727273,0.727272727272727
"196",0.0909090909090909,1e-04,0.0909090909090909,1e-04,1e-04,0.181818181818182,0.363636363636364,0.636363636363636
"197",0.0909090909090909,1e-04,0.0909090909090909,1e-04,1e-04,0.0909090909090909,0.272727272727273,0.727272727272727
"198",0.0909090909090909,1e-04,0.0909090909090909,1e-04,1e-04,1e-04,0.181818181818182,0.818181818181818
"199",0.0909090909090909,1e-04,0.0909090909090909,1e-04,0.181818181818182,0.181818181818182,0.545454545454545,0.454545454545455
"200",0.0909090909090909,1e-04,0.0909090909090909,1e-04,0.181818181818182,0.0909090909090909,0.454545454545455,0.545454545454545
"201",0.0909090909090909,1e-04,0.0909090909090909,1e-04,0.181818181818182,1e-04,0.363636363636364,0.636363636363636
"202",0.0909090909090909,1e-04,0.0909090909090909,1e-04,0.0909090909090909,0.181818181818182,0.454545454545455,0.545454545454545
"203",0.0909090909090909,1e-04,0.0909090909090909,1e-04,0.0909090909090909,0.0909090909090909,0.363636363636364,0.636363636363636
"204",0.0909090909090909,1e-04,0.0909090909090909,1e-04,0.0909090909090909,1e-04,0.272727272727273,0.727272727272727
"205",0.0909090909090909,1e-04,0.0909090909090909,1e-04,1e-04,0.181818181818182,0.363636363636364,0.636363636363636
"206",0.0909090909090909,1e-04,0.0909090909090909,1e-04,1e-04,0.0909090909090909,0.272727272727273,0.727272727272727
"207",0.0909090909090909,1e-04,0.0909090909090909,1e-04,1e-04,1e-04,0.181818181818182,0.818181818181818
"208",0.0909090909090909,1e-04,0.0909090909090909,1e-04,0.181818181818182,0.181818181818182,0.545454545454545,0.454545454545455
"209",0.0909090909090909,1e-04,0.0909090909090909,1e-04,0.181818181818182,0.0909090909090909,0.454545454545455,0.545454545454545
"210",0.0909090909090909,1e-04,0.0909090909090909,1e-04,0.181818181818182,1e-04,0.363636363636364,0.636363636363636
"211",0.0909090909090909,1e-04,0.0909090909090909,1e-04,0.0909090909090909,0.181818181818182,0.454545454545455,0.545454545454545
"212",0.0909090909090909,1e-04,0.0909090909090909,1e-04,0.0909090909090909,0.0909090909090909,0.363636363636364,0.636363636363636
"213",0.0909090909090909,1e-04,0.0909090909090909,1e-04,0.0909090909090909,1e-04,0.272727272727273,0.727272727272727
"214",0.0909090909090909,1e-04,0.0909090909090909,1e-04,1e-04,0.181818181818182,0.363636363636364,0.636363636363636
"215",0.0909090909090909,1e-04,0.0909090909090909,1e-04,1e-04,0.0909090909090909,0.272727272727273,0.727272727272727
"216",0.0909090909090909,1e-04,0.0909090909090909,1e-04,1e-04,1e-04,0.181818181818182,0.818181818181818
"217",0.0909090909090909,1e-04,1e-04,1e-04,0.181818181818182,0.181818181818182,0.454545454545455,0.545454545454545
"218",0.0909090909090909,1e-04,1e-04,1e-04,0.181818181818182,0.0909090909090909,0.363636363636364,0.636363636363636
"219",0.0909090909090909,1e-04,1e-04,1e-04,0.181818181818182,1e-04,0.272727272727273,0.727272727272727
"220",0.0909090909090909,1e-04,1e-04,1e-04,0.0909090909090909,0.181818181818182,0.363636363636364,0.636363636363636
"221",0.0909090909090909,1e-04,1e-04,1e-04,0.0909090909090909,0.0909090909090909,0.272727272727273,0.727272727272727
"222",0.0909090909090909,1e-04,1e-04,1e-04,0.0909090909090909,1e-04,0.181818181818182,0.818181818181818
"223",0.0909090909090909,1e-04,1e-04,1e-04,1e-04,0.181818181818182,0.272727272727273,0.727272727272727
"224",0.0909090909090909,1e-04,1e-04,1e-04,1e-04,0.0909090909090909,0.181818181818182,0.818181818181818
"225",0.0909090909090909,1e-04,1e-04,1e-04,1e-04,1e-04,0.0909090909090909,0.909090909090909
"226",0.0909090909090909,1e-04,1e-04,1e-04,0.181818181818182,0.181818181818182,0.454545454545455,0.545454545454545
"227",0.0909090909090909,1e-04,1e-04,1e-04,0.181818181818182,0.0909090909090909,0.363636363636364,0.636363636363636
"228",0.0909090909090909,1e-04,1e-04,1e-04,0.181818181818182,1e-04,0.272727272727273,0.727272727272727
"229",0.0909090909090909,1e-04,1e-04,1e-04,0.0909090909090909,0.181818181818182,0.363636363636364,0.636363636363636
"230",0.0909090909090909,1e-04,1e-04,1e-04,0.0909090909090909,0.0909090909090909,0.272727272727273,0.727272727272727
"231",0.0909090909090909,1e-04,1e-04,1e-04,0.0909090909090909,1e-04,0.181818181818182,0.818181818181818
"232",0.0909090909090909,1e-04,1e-04,1e-04,1e-04,0.181818181818182,0.272727272727273,0.727272727272727
"233",0.0909090909090909,1e-04,1e-04,1e-04,1e-04,0.0909090909090909,0.181818181818182,0.818181818181818
"234",0.0909090909090909,1e-04,1e-04,1e-04,1e-04,1e-04,0.0909090909090909,0.909090909090909
"235",0.0909090909090909,1e-04,1e-04,1e-04,0.181818181818182,0.181818181818182,0.454545454545455,0.545454545454545
"236",0.0909090909090909,1e-04,1e-04,1e-04,0.181818181818182,0.0909090909090909,0.363636363636364,0.636363636363636
"237",0.0909090909090909,1e-04,1e-04,1e-04,0.181818181818182,1e-04,0.272727272727273,0.727272727272727
"238",0.0909090909090909,1e-04,1e-04,1e-04,0.0909090909090909,0.181818181818182,0.363636363636364,0.636363636363636
"239",0.0909090909090909,1e-04,1e-04,1e-04,0.0909090909090909,0.0909090909090909,0.272727272727273,0.727272727272727
"240",0.0909090909090909,1e-04,1e-04,1e-04,0.0909090909090909,1e-04,0.181818181818182,0.818181818181818
"241",0.0909090909090909,1e-04,1e-04,1e-04,1e-04,0.181818181818182,0.272727272727273,0.727272727272727
"242",0.0909090909090909,1e-04,1e-04,1e-04,1e-04,0.0909090909090909,0.181818181818182,0.818181818181818
"243",0.0909090909090909,1e-04,1e-04,1e-04,1e-04,1e-04,0.0909090909090909,0.909090909090909
"244",0.0909090909090909,0.272727272727273,0.181818181818182,1e-04,0.181818181818182,0.181818181818182,0.909090909090909,0.0909090909090909
"245",0.0909090909090909,0.272727272727273,0.181818181818182,1e-04,0.181818181818182,0.0909090909090909,0.818181818181818,0.181818181818182
"246",0.0909090909090909,0.272727272727273,0.181818181818182,1e-04,0.181818181818182,1e-04,0.727272727272727,0.272727272727273
"247",0.0909090909090909,0.272727272727273,0.181818181818182,1e-04,0.0909090909090909,0.181818181818182,0.818181818181818,0.181818181818182
"248",0.0909090909090909,0.272727272727273,0.181818181818182,1e-04,0.0909090909090909,0.0909090909090909,0.727272727272727,0.272727272727273
"249",0.0909090909090909,0.272727272727273,0.181818181818182,1e-04,0.0909090909090909,1e-04,0.636363636363636,0.363636363636364
"250",0.0909090909090909,0.272727272727273,0.181818181818182,1e-04,1e-04,0.181818181818182,0.727272727272727,0.272727272727273
"251",0.0909090909090909,0.272727272727273,0.181818181818182,1e-04,1e-04,0.0909090909090909,0.636363636363636,0.363636363636364
"252",0.0909090909090909,0.272727272727273,0.181818181818182,1e-04,1e-04,1e-04,0.545454545454545,0.454545454545455
"253",0.0909090909090909,0.272727272727273,0.181818181818182,1e-04,0.181818181818182,0.181818181818182,0.909090909090909,0.0909090909090909
"254",0.0909090909090909,0.272727272727273,0.181818181818182,1e-04,0.181818181818182,0.0909090909090909,0.818181818181818,0.181818181818182
"255",0.0909090909090909,0.272727272727273,0.181818181818182,1e-04,0.181818181818182,1e-04,0.727272727272727,0.272727272727273
"256",0.0909090909090909,0.272727272727273,0.181818181818182,1e-04,0.0909090909090909,0.181818181818182,0.818181818181818,0.181818181818182
"257",0.0909090909090909,0.272727272727273,0.181818181818182,1e-04,0.0909090909090909,0.0909090909090909,0.727272727272727,0.272727272727273
"258",0.0909090909090909,0.272727272727273,0.181818181818182,1e-04,0.0909090909090909,1e-04,0.636363636363636,0.363636363636364
"259",0.0909090909090909,0.272727272727273,0.181818181818182,1e-04,1e-04,0.181818181818182,0.727272727272727,0.272727272727273
"260",0.0909090909090909,0.272727272727273,0.181818181818182,1e-04,1e-04,0.0909090909090909,0.636363636363636,0.363636363636364
"261",0.0909090909090909,0.272727272727273,0.181818181818182,1e-04,1e-04,1e-04,0.545454545454545,0.454545454545455
"262",0.0909090909090909,0.272727272727273,0.181818181818182,1e-04,0.181818181818182,0.181818181818182,0.909090909090909,0.0909090909090909
"263",0.0909090909090909,0.272727272727273,0.181818181818182,1e-04,0.181818181818182,0.0909090909090909,0.818181818181818,0.181818181818182
"264",0.0909090909090909,0.272727272727273,0.181818181818182,1e-04,0.181818181818182,1e-04,0.727272727272727,0.272727272727273
"265",0.0909090909090909,0.272727272727273,0.181818181818182,1e-04,0.0909090909090909,0.181818181818182,0.818181818181818,0.181818181818182
"266",0.0909090909090909,0.272727272727273,0.181818181818182,1e-04,0.0909090909090909,0.0909090909090909,0.727272727272727,0.272727272727273
"267",0.0909090909090909,0.272727272727273,0.181818181818182,1e-04,0.0909090909090909,1e-04,0.636363636363636,0.363636363636364
"268",0.0909090909090909,0.272727272727273,0.181818181818182,1e-04,1e-04,0.181818181818182,0.727272727272727,0.272727272727273
"269",0.0909090909090909,0.272727272727273,0.181818181818182,1e-04,1e-04,0.0909090909090909,0.636363636363636,0.363636363636364
"270",0.0909090909090909,0.272727272727273,0.181818181818182,1e-04,1e-04,1e-04,0.545454545454545,0.454545454545455
"271",0.0909090909090909,0.272727272727273,0.0909090909090909,1e-04,0.181818181818182,0.181818181818182,0.818181818181818,0.181818181818182
"272",0.0909090909090909,0.272727272727273,0.0909090909090909,1e-04,0.181818181818182,0.0909090909090909,0.727272727272727,0.272727272727273
"273",0.0909090909090909,0.272727272727273,0.0909090909090909,1e-04,0.181818181818182,1e-04,0.636363636363636,0.363636363636364
"274",0.0909090909090909,0.272727272727273,0.0909090909090909,1e-04,0.0909090909090909,0.181818181818182,0.727272727272727,0.272727272727273
"275",0.0909090909090909,0.272727272727273,0.0909090909090909,1e-04,0.0909090909090909,0.0909090909090909,0.636363636363636,0.363636363636364
"276",0.0909090909090909,0.272727272727273,0.0909090909090909,1e-04,0.0909090909090909,1e-04,0.545454545454545,0.454545454545455
"277",0.0909090909090909,0.272727272727273,0.0909090909090909,1e-04,1e-04,0.181818181818182,0.636363636363636,0.363636363636364
"278",0.0909090909090909,0.272727272727273,0.0909090909090909,1e-04,1e-04,0.0909090909090909,0.545454545454545,0.454545454545455
"279",0.0909090909090909,0.272727272727273,0.0909090909090909,1e-04,1e-04,1e-04,0.454545454545455,0.545454545454545
"280",0.0909090909090909,0.272727272727273,0.0909090909090909,1e-04,0.181818181818182,0.181818181818182,0.818181818181818,0.181818181818182
"281",0.0909090909090909,0.272727272727273,0.0909090909090909,1e-04,0.181818181818182,0.0909090909090909,0.727272727272727,0.272727272727273
"282",0.0909090909090909,0.272727272727273,0.0909090909090909,1e-04,0.181818181818182,1e-04,0.636363636363636,0.363636363636364
"283",0.0909090909090909,0.272727272727273,0.0909090909090909,1e-04,0.0909090909090909,0.181818181818182,0.727272727272727,0.272727272727273
"284",0.0909090909090909,0.272727272727273,0.0909090909090909,1e-04,0.0909090909090909,0.0909090909090909,0.636363636363636,0.363636363636364
"285",0.0909090909090909,0.272727272727273,0.0909090909090909,1e-04,0.0909090909090909,1e-04,0.545454545454545,0.454545454545455
"286",0.0909090909090909,0.272727272727273,0.0909090909090909,1e-04,1e-04,0.181818181818182,0.636363636363636,0.363636363636364
"287",0.0909090909090909,0.272727272727273,0.0909090909090909,1e-04,1e-04,0.0909090909090909,0.545454545454545,0.454545454545455
"288",0.0909090909090909,0.272727272727273,0.0909090909090909,1e-04,1e-04,1e-04,0.454545454545455,0.545454545454545
"289",0.0909090909090909,0.272727272727273,0.0909090909090909,1e-04,0.181818181818182,0.181818181818182,0.818181818181818,0.181818181818182
"290",0.0909090909090909,0.272727272727273,0.0909090909090909,1e-04,0.181818181818182,0.0909090909090909,0.727272727272727,0.272727272727273
"291",0.0909090909090909,0.272727272727273,0.0909090909090909,1e-04,0.181818181818182,1e-04,0.636363636363636,0.363636363636364
"292",0.0909090909090909,0.272727272727273,0.0909090909090909,1e-04,0.0909090909090909,0.181818181818182,0.727272727272727,0.272727272727273
"293",0.0909090909090909,0.272727272727273,0.0909090909090909,1e-04,0.0909090909090909,0.0909090909090909,0.636363636363636,0.363636363636364
"294",0.0909090909090909,0.272727272727273,0.0909090909090909,1e-04,0.0909090909090909,1e-04,0.545454545454545,0.454545454545455
"295",0.0909090909090909,0.272727272727273,0.0909090909090909,1e-04,1e-04,0.181818181818182,0.636363636363636,0.363636363636364
"296",0.0909090909090909,0.272727272727273,0.0909090909090909,1e-04,1e-04,0.0909090909090909,0.545454545454545,0.454545454545455
"297",0.0909090909090909,0.272727272727273,0.0909090909090909,1e-04,1e-04,1e-04,0.454545454545455,0.545454545454545
"298",0.0909090909090909,0.272727272727273,1e-04,1e-04,0.181818181818182,0.181818181818182,0.727272727272727,0.272727272727273
"299",0.0909090909090909,0.272727272727273,1e-04,1e-04,0.181818181818182,0.0909090909090909,0.636363636363636,0.363636363636364
"300",0.0909090909090909,0.272727272727273,1e-04,1e-04,0.181818181818182,1e-04,0.545454545454545,0.454545454545455
"301",0.0909090909090909,0.272727272727273,1e-04,1e-04,0.0909090909090909,0.181818181818182,0.636363636363636,0.363636363636364
"302",0.0909090909090909,0.272727272727273,1e-04,1e-04,0.0909090909090909,0.0909090909090909,0.545454545454545,0.454545454545455
"303",0.0909090909090909,0.272727272727273,1e-04,1e-04,0.0909090909090909,1e-04,0.454545454545455,0.545454545454545
"304",0.0909090909090909,0.272727272727273,1e-04,1e-04,1e-04,0.181818181818182,0.545454545454545,0.454545454545455
"305",0.0909090909090909,0.272727272727273,1e-04,1e-04,1e-04,0.0909090909090909,0.454545454545455,0.545454545454545
"306",0.0909090909090909,0.272727272727273,1e-04,1e-04,1e-04,1e-04,0.363636363636364,0.636363636363636
"307",0.0909090909090909,0.272727272727273,1e-04,1e-04,0.181818181818182,0.181818181818182,0.727272727272727,0.272727272727273
"308",0.0909090909090909,0.272727272727273,1e-04,1e-04,0.181818181818182,0.0909090909090909,0.636363636363636,0.363636363636364
"309",0.0909090909090909,0.272727272727273,1e-04,1e-04,0.181818181818182,1e-04,0.545454545454545,0.454545454545455
"310",0.0909090909090909,0.272727272727273,1e-04,1e-04,0.0909090909090909,0.181818181818182,0.636363636363636,0.363636363636364
"311",0.0909090909090909,0.272727272727273,1e-04,1e-04,0.0909090909090909,0.0909090909090909,0.545454545454545,0.454545454545455
"312",0.0909090909090909,0.272727272727273,1e-04,1e-04,0.0909090909090909,1e-04,0.454545454545455,0.545454545454545
"313",0.0909090909090909,0.272727272727273,1e-04,1e-04,1e-04,0.181818181818182,0.545454545454545,0.454545454545455
"314",0.0909090909090909,0.272727272727273,1e-04,1e-04,1e-04,0.0909090909090909,0.454545454545455,0.545454545454545
"315",0.0909090909090909,0.272727272727273,1e-04,1e-04,1e-04,1e-04,0.363636363636364,0.636363636363636
"316",0.0909090909090909,0.272727272727273,1e-04,1e-04,0.181818181818182,0.181818181818182,0.727272727272727,0.272727272727273
"317",0.0909090909090909,0.272727272727273,1e-04,1e-04,0.181818181818182,0.0909090909090909,0.636363636363636,0.363636363636364
"318",0.0909090909090909,0.272727272727273,1e-04,1e-04,0.181818181818182,1e-04,0.545454545454545,0.454545454545455
"319",0.0909090909090909,0.272727272727273,1e-04,1e-04,0.0909090909090909,0.181818181818182,0.636363636363636,0.363636363636364
"320",0.0909090909090909,0.272727272727273,1e-04,1e-04,0.0909090909090909,0.0909090909090909,0.545454545454545,0.454545454545455
"321",0.0909090909090909,0.272727272727273,1e-04,1e-04,0.0909090909090909,1e-04,0.454545454545455,0.545454545454545
"322",0.0909090909090909,0.272727272727273,1e-04,1e-04,1e-04,0.181818181818182,0.545454545454545,0.454545454545455
"323",0.0909090909090909,0.272727272727273,1e-04,1e-04,1e-04,0.0909090909090909,0.454545454545455,0.545454545454545
"324",0.0909090909090909,0.272727272727273,1e-04,1e-04,1e-04,1e-04,0.363636363636364,0.636363636363636
"325",0.181818181818182,1e-04,0.181818181818182,1e-04,0.181818181818182,0.181818181818182,0.727272727272727,0.272727272727273
"326",0.181818181818182,1e-04,0.181818181818182,1e-04,0.181818181818182,0.0909090909090909,0.636363636363636,0.363636363636364
"327",0.181818181818182,1e-04,0.181818181818182,1e-04,0.181818181818182,1e-04,0.545454545454545,0.454545454545455
"328",0.181818181818182,1e-04,0.181818181818182,1e-04,0.0909090909090909,0.181818181818182,0.636363636363636,0.363636363636364
"329",0.181818181818182,1e-04,0.181818181818182,1e-04,0.0909090909090909,0.0909090909090909,0.545454545454545,0.454545454545455
"330",0.181818181818182,1e-04,0.181818181818182,1e-04,0.0909090909090909,1e-04,0.454545454545455,0.545454545454545
"331",0.181818181818182,1e-04,0.181818181818182,1e-04,1e-04,0.181818181818182,0.545454545454545,0.454545454545455
"332",0.181818181818182,1e-04,0.181818181818182,1e-04,1e-04,0.0909090909090909,0.454545454545455,0.545454545454545
"333",0.181818181818182,1e-04,0.181818181818182,1e-04,1e-04,1e-04,0.363636363636364,0.636363636363636
"334",0.181818181818182,1e-04,0.181818181818182,1e-04,0.181818181818182,0.181818181818182,0.727272727272727,0.272727272727273
"335",0.181818181818182,1e-04,0.181818181818182,1e-04,0.181818181818182,0.0909090909090909,0.636363636363636,0.363636363636364
"336",0.181818181818182,1e-04,0.181818181818182,1e-04,0.181818181818182,1e-04,0.545454545454545,0.454545454545455
"337",0.181818181818182,1e-04,0.181818181818182,1e-04,0.0909090909090909,0.181818181818182,0.636363636363636,0.363636363636364
"338",0.181818181818182,1e-04,0.181818181818182,1e-04,0.0909090909090909,0.0909090909090909,0.545454545454545,0.454545454545455
"339",0.181818181818182,1e-04,0.181818181818182,1e-04,0.0909090909090909,1e-04,0.454545454545455,0.545454545454545
"340",0.181818181818182,1e-04,0.181818181818182,1e-04,1e-04,0.181818181818182,0.545454545454545,0.454545454545455
"341",0.181818181818182,1e-04,0.181818181818182,1e-04,1e-04,0.0909090909090909,0.454545454545455,0.545454545454545
"342",0.181818181818182,1e-04,0.181818181818182,1e-04,1e-04,1e-04,0.363636363636364,0.636363636363636
"343",0.181818181818182,1e-04,0.181818181818182,1e-04,0.181818181818182,0.181818181818182,0.727272727272727,0.272727272727273
"344",0.181818181818182,1e-04,0.181818181818182,1e-04,0.181818181818182,0.0909090909090909,0.636363636363636,0.363636363636364
"345",0.181818181818182,1e-04,0.181818181818182,1e-04,0.181818181818182,1e-04,0.545454545454545,0.454545454545455
"346",0.181818181818182,1e-04,0.181818181818182,1e-04,0.0909090909090909,0.181818181818182,0.636363636363636,0.363636363636364
"347",0.181818181818182,1e-04,0.181818181818182,1e-04,0.0909090909090909,0.0909090909090909,0.545454545454545,0.454545454545455
"348",0.181818181818182,1e-04,0.181818181818182,1e-04,0.0909090909090909,1e-04,0.454545454545455,0.545454545454545
"349",0.181818181818182,1e-04,0.181818181818182,1e-04,1e-04,0.181818181818182,0.545454545454545,0.454545454545455
"350",0.181818181818182,1e-04,0.181818181818182,1e-04,1e-04,0.0909090909090909,0.454545454545455,0.545454545454545
"351",0.181818181818182,1e-04,0.181818181818182,1e-04,1e-04,1e-04,0.363636363636364,0.636363636363636
"352",0.181818181818182,1e-04,0.0909090909090909,1e-04,0.181818181818182,0.181818181818182,0.636363636363636,0.363636363636364
"353",0.181818181818182,1e-04,0.0909090909090909,1e-04,0.181818181818182,0.0909090909090909,0.545454545454545,0.454545454545455
"354",0.181818181818182,1e-04,0.0909090909090909,1e-04,0.181818181818182,1e-04,0.454545454545455,0.545454545454545
"355",0.181818181818182,1e-04,0.0909090909090909,1e-04,0.0909090909090909,0.181818181818182,0.545454545454545,0.454545454545455
"356",0.181818181818182,1e-04,0.0909090909090909,1e-04,0.0909090909090909,0.0909090909090909,0.454545454545455,0.545454545454545
"357",0.181818181818182,1e-04,0.0909090909090909,1e-04,0.0909090909090909,1e-04,0.363636363636364,0.636363636363636
"358",0.181818181818182,1e-04,0.0909090909090909,1e-04,1e-04,0.181818181818182,0.454545454545455,0.545454545454545
"359",0.181818181818182,1e-04,0.0909090909090909,1e-04,1e-04,0.0909090909090909,0.363636363636364,0.636363636363636
"360",0.181818181818182,1e-04,0.0909090909090909,1e-04,1e-04,1e-04,0.272727272727273,0.727272727272727
"361",0.181818181818182,1e-04,0.0909090909090909,1e-04,0.181818181818182,0.181818181818182,0.636363636363636,0.363636363636364
"362",0.181818181818182,1e-04,0.0909090909090909,1e-04,0.181818181818182,0.0909090909090909,0.545454545454545,0.454545454545455
"363",0.181818181818182,1e-04,0.0909090909090909,1e-04,0.181818181818182,1e-04,0.454545454545455,0.545454545454545
"364",0.181818181818182,1e-04,0.0909090909090909,1e-04,0.0909090909090909,0.181818181818182,0.545454545454545,0.454545454545455
"365",0.181818181818182,1e-04,0.0909090909090909,1e-04,0.0909090909090909,0.0909090909090909,0.454545454545455,0.545454545454545
"366",0.181818181818182,1e-04,0.0909090909090909,1e-04,0.0909090909090909,1e-04,0.363636363636364,0.636363636363636
"367",0.181818181818182,1e-04,0.0909090909090909,1e-04,1e-04,0.181818181818182,0.454545454545455,0.545454545454545
"368",0.181818181818182,1e-04,0.0909090909090909,1e-04,1e-04,0.0909090909090909,0.363636363636364,0.636363636363636
"369",0.181818181818182,1e-04,0.0909090909090909,1e-04,1e-04,1e-04,0.272727272727273,0.727272727272727
"370",0.181818181818182,1e-04,0.0909090909090909,1e-04,0.181818181818182,0.181818181818182,0.636363636363636,0.363636363636364
"371",0.181818181818182,1e-04,0.0909090909090909,1e-04,0.181818181818182,0.0909090909090909,0.545454545454545,0.454545454545455
"372",0.181818181818182,1e-04,0.0909090909090909,1e-04,0.181818181818182,1e-04,0.454545454545455,0.545454545454545
"373",0.181818181818182,1e-04,0.0909090909090909,1e-04,0.0909090909090909,0.181818181818182,0.545454545454545,0.454545454545455
"374",0.181818181818182,1e-04,0.0909090909090909,1e-04,0.0909090909090909,0.0909090909090909,0.454545454545455,0.545454545454545
"375",0.181818181818182,1e-04,0.0909090909090909,1e-04,0.0909090909090909,1e-04,0.363636363636364,0.636363636363636
"376",0.181818181818182,1e-04,0.0909090909090909,1e-04,1e-04,0.181818181818182,0.454545454545455,0.545454545454545
"377",0.181818181818182,1e-04,0.0909090909090909,1e-04,1e-04,0.0909090909090909,0.363636363636364,0.636363636363636
"378",0.181818181818182,1e-04,0.0909090909090909,1e-04,1e-04,1e-04,0.272727272727273,0.727272727272727
"379",0.181818181818182,1e-04,1e-04,1e-04,0.181818181818182,0.181818181818182,0.545454545454545,0.454545454545455
"380",0.181818181818182,1e-04,1e-04,1e-04,0.181818181818182,0.0909090909090909,0.454545454545455,0.545454545454545
"381",0.181818181818182,1e-04,1e-04,1e-04,0.181818181818182,1e-04,0.363636363636364,0.636363636363636
"382",0.181818181818182,1e-04,1e-04,1e-04,0.0909090909090909,0.181818181818182,0.454545454545455,0.545454545454545
"383",0.181818181818182,1e-04,1e-04,1e-04,0.0909090909090909,0.0909090909090909,0.363636363636364,0.636363636363636
"384",0.181818181818182,1e-04,1e-04,1e-04,0.0909090909090909,1e-04,0.272727272727273,0.727272727272727
"385",0.181818181818182,1e-04,1e-04,1e-04,1e-04,0.181818181818182,0.363636363636364,0.636363636363636
"386",0.181818181818182,1e-04,1e-04,1e-04,1e-04,0.0909090909090909,0.272727272727273,0.727272727272727
"387",0.181818181818182,1e-04,1e-04,1e-04,1e-04,1e-04,0.181818181818182,0.818181818181818
"388",0.181818181818182,1e-04,1e-04,1e-04,0.181818181818182,0.181818181818182,0.545454545454545,0.454545454545455
"389",0.181818181818182,1e-04,1e-04,1e-04,0.181818181818182,0.0909090909090909,0.454545454545455,0.545454545454545
"390",0.181818181818182,1e-04,1e-04,1e-04,0.181818181818182,1e-04,0.363636363636364,0.636363636363636
"391",0.181818181818182,1e-04,1e-04,1e-04,0.0909090909090909,0.181818181818182,0.454545454545455,0.545454545454545
"392",0.181818181818182,1e-04,1e-04,1e-04,0.0909090909090909,0.0909090909090909,0.363636363636364,0.636363636363636
"393",0.181818181818182,1e-04,1e-04,1e-04,0.0909090909090909,1e-04,0.272727272727273,0.727272727272727
"394",0.181818181818182,1e-04,1e-04,1e-04,1e-04,0.181818181818182,0.363636363636364,0.636363636363636
"395",0.181818181818182,1e-04,1e-04,1e-04,1e-04,0.0909090909090909,0.272727272727273,0.727272727272727
"396",0.181818181818182,1e-04,1e-04,1e-04,1e-04,1e-04,0.181818181818182,0.818181818181818
"397",0.181818181818182,1e-04,1e-04,1e-04,0.181818181818182,0.181818181818182,0.545454545454545,0.454545454545455
"398",0.181818181818182,1e-04,1e-04,1e-04,0.181818181818182,0.0909090909090909,0.454545454545455,0.545454545454545
"399",0.181818181818182,1e-04,1e-04,1e-04,0.181818181818182,1e-04,0.363636363636364,0.636363636363636
"400",0.181818181818182,1e-04,1e-04,1e-04,0.0909090909090909,0.181818181818182,0.454545454545455,0.545454545454545
"401",0.181818181818182,1e-04,1e-04,1e-04,0.0909090909090909,0.0909090909090909,0.363636363636364,0.636363636363636
"402",0.181818181818182,1e-04,1e-04,1e-04,0.0909090909090909,1e-04,0.272727272727273,0.727272727272727
"403",0.181818181818182,1e-04,1e-04,1e-04,1e-04,0.181818181818182,0.363636363636364,0.636363636363636
"404",0.181818181818182,1e-04,1e-04,1e-04,1e-04,0.0909090909090909,0.272727272727273,0.727272727272727
"405",0.181818181818182,1e-04,1e-04,1e-04,1e-04,1e-04,0.181818181818182,0.818181818181818
"406",0.181818181818182,0.272727272727273,0.181818181818182,1e-04,0.181818181818182,0.181818181818182,0.9999,1e-04
"407",0.181818181818182,0.272727272727273,0.181818181818182,1e-04,0.181818181818182,0.0909090909090909,0.909090909090909,0.0909090909090909
"408",0.181818181818182,0.272727272727273,0.181818181818182,1e-04,0.181818181818182,1e-04,0.818181818181818,0.181818181818182
"409",0.181818181818182,0.272727272727273,0.181818181818182,1e-04,0.0909090909090909,0.181818181818182,0.909090909090909,0.0909090909090909
"410",0.181818181818182,0.272727272727273,0.181818181818182,1e-04,0.0909090909090909,0.0909090909090909,0.818181818181818,0.181818181818182
"411",0.181818181818182,0.272727272727273,0.181818181818182,1e-04,0.0909090909090909,1e-04,0.727272727272727,0.272727272727273
"412",0.181818181818182,0.272727272727273,0.181818181818182,1e-04,1e-04,0.181818181818182,0.818181818181818,0.181818181818182
"413",0.181818181818182,0.272727272727273,0.181818181818182,1e-04,1e-04,0.0909090909090909,0.727272727272727,0.272727272727273
"414",0.181818181818182,0.272727272727273,0.181818181818182,1e-04,1e-04,1e-04,0.636363636363636,0.363636363636364
"415",0.181818181818182,0.272727272727273,0.181818181818182,1e-04,0.181818181818182,0.181818181818182,0.9999,1e-04
"416",0.181818181818182,0.272727272727273,0.181818181818182,1e-04,0.181818181818182,0.0909090909090909,0.909090909090909,0.0909090909090909
"417",0.181818181818182,0.272727272727273,0.181818181818182,1e-04,0.181818181818182,1e-04,0.818181818181818,0.181818181818182
"418",0.181818181818182,0.272727272727273,0.181818181818182,1e-04,0.0909090909090909,0.181818181818182,0.909090909090909,0.0909090909090909
"419",0.181818181818182,0.272727272727273,0.181818181818182,1e-04,0.0909090909090909,0.0909090909090909,0.818181818181818,0.181818181818182
"420",0.181818181818182,0.272727272727273,0.181818181818182,1e-04,0.0909090909090909,1e-04,0.727272727272727,0.272727272727273
"421",0.181818181818182,0.272727272727273,0.181818181818182,1e-04,1e-04,0.181818181818182,0.818181818181818,0.181818181818182
"422",0.181818181818182,0.272727272727273,0.181818181818182,1e-04,1e-04,0.0909090909090909,0.727272727272727,0.272727272727273
"423",0.181818181818182,0.272727272727273,0.181818181818182,1e-04,1e-04,1e-04,0.636363636363636,0.363636363636364
"424",0.181818181818182,0.272727272727273,0.181818181818182,1e-04,0.181818181818182,0.181818181818182,0.9999,1e-04
"425",0.181818181818182,0.272727272727273,0.181818181818182,1e-04,0.181818181818182,0.0909090909090909,0.909090909090909,0.0909090909090909
"426",0.181818181818182,0.272727272727273,0.181818181818182,1e-04,0.181818181818182,1e-04,0.818181818181818,0.181818181818182
"427",0.181818181818182,0.272727272727273,0.181818181818182,1e-04,0.0909090909090909,0.181818181818182,0.909090909090909,0.0909090909090909
"428",0.181818181818182,0.272727272727273,0.181818181818182,1e-04,0.0909090909090909,0.0909090909090909,0.818181818181818,0.181818181818182
"429",0.181818181818182,0.272727272727273,0.181818181818182,1e-04,0.0909090909090909,1e-04,0.727272727272727,0.272727272727273
"430",0.181818181818182,0.272727272727273,0.181818181818182,1e-04,1e-04,0.181818181818182,0.818181818181818,0.181818181818182
"431",0.181818181818182,0.272727272727273,0.181818181818182,1e-04,1e-04,0.0909090909090909,0.727272727272727,0.272727272727273
"432",0.181818181818182,0.272727272727273,0.181818181818182,1e-04,1e-04,1e-04,0.636363636363636,0.363636363636364
"433",0.181818181818182,0.272727272727273,0.0909090909090909,1e-04,0.181818181818182,0.181818181818182,0.909090909090909,0.0909090909090909
"434",0.181818181818182,0.272727272727273,0.0909090909090909,1e-04,0.181818181818182,0.0909090909090909,0.818181818181818,0.181818181818182
"435",0.181818181818182,0.272727272727273,0.0909090909090909,1e-04,0.181818181818182,1e-04,0.727272727272727,0.272727272727273
"436",0.181818181818182,0.272727272727273,0.0909090909090909,1e-04,0.0909090909090909,0.181818181818182,0.818181818181818,0.181818181818182
"437",0.181818181818182,0.272727272727273,0.0909090909090909,1e-04,0.0909090909090909,0.0909090909090909,0.727272727272727,0.272727272727273
"438",0.181818181818182,0.272727272727273,0.0909090909090909,1e-04,0.0909090909090909,1e-04,0.636363636363636,0.363636363636364
"439",0.181818181818182,0.272727272727273,0.0909090909090909,1e-04,1e-04,0.181818181818182,0.727272727272727,0.272727272727273
"440",0.181818181818182,0.272727272727273,0.0909090909090909,1e-04,1e-04,0.0909090909090909,0.636363636363636,0.363636363636364
"441",0.181818181818182,0.272727272727273,0.0909090909090909,1e-04,1e-04,1e-04,0.545454545454545,0.454545454545455
"442",0.181818181818182,0.272727272727273,0.0909090909090909,1e-04,0.181818181818182,0.181818181818182,0.909090909090909,0.0909090909090909
"443",0.181818181818182,0.272727272727273,0.0909090909090909,1e-04,0.181818181818182,0.0909090909090909,0.818181818181818,0.181818181818182
"444",0.181818181818182,0.272727272727273,0.0909090909090909,1e-04,0.181818181818182,1e-04,0.727272727272727,0.272727272727273
"445",0.181818181818182,0.272727272727273,0.0909090909090909,1e-04,0.0909090909090909,0.181818181818182,0.818181818181818,0.181818181818182
"446",0.181818181818182,0.272727272727273,0.0909090909090909,1e-04,0.0909090909090909,0.0909090909090909,0.727272727272727,0.272727272727273
"447",0.181818181818182,0.272727272727273,0.0909090909090909,1e-04,0.0909090909090909,1e-04,0.636363636363636,0.363636363636364
"448",0.181818181818182,0.272727272727273,0.0909090909090909,1e-04,1e-04,0.181818181818182,0.727272727272727,0.272727272727273
"449",0.181818181818182,0.272727272727273,0.0909090909090909,1e-04,1e-04,0.0909090909090909,0.636363636363636,0.363636363636364
"450",0.181818181818182,0.272727272727273,0.0909090909090909,1e-04,1e-04,1e-04,0.545454545454545,0.454545454545455
"451",0.181818181818182,0.272727272727273,0.0909090909090909,1e-04,0.181818181818182,0.181818181818182,0.909090909090909,0.0909090909090909
"452",0.181818181818182,0.272727272727273,0.0909090909090909,1e-04,0.181818181818182,0.0909090909090909,0.818181818181818,0.181818181818182
"453",0.181818181818182,0.272727272727273,0.0909090909090909,1e-04,0.181818181818182,1e-04,0.727272727272727,0.272727272727273
"454",0.181818181818182,0.272727272727273,0.0909090909090909,1e-04,0.0909090909090909,0.181818181818182,0.818181818181818,0.181818181818182
"455",0.181818181818182,0.272727272727273,0.0909090909090909,1e-04,0.0909090909090909,0.0909090909090909,0.727272727272727,0.272727272727273
"456",0.181818181818182,0.272727272727273,0.0909090909090909,1e-04,0.0909090909090909,1e-04,0.636363636363636,0.363636363636364
"457",0.181818181818182,0.272727272727273,0.0909090909090909,1e-04,1e-04,0.181818181818182,0.727272727272727,0.272727272727273
"458",0.181818181818182,0.272727272727273,0.0909090909090909,1e-04,1e-04,0.0909090909090909,0.636363636363636,0.363636363636364
"459",0.181818181818182,0.272727272727273,0.0909090909090909,1e-04,1e-04,1e-04,0.545454545454545,0.454545454545455
"460",0.181818181818182,0.272727272727273,1e-04,1e-04,0.181818181818182,0.181818181818182,0.818181818181818,0.181818181818182
"461",0.181818181818182,0.272727272727273,1e-04,1e-04,0.181818181818182,0.0909090909090909,0.727272727272727,0.272727272727273
"462",0.181818181818182,0.272727272727273,1e-04,1e-04,0.181818181818182,1e-04,0.636363636363636,0.363636363636364
"463",0.181818181818182,0.272727272727273,1e-04,1e-04,0.0909090909090909,0.181818181818182,0.727272727272727,0.272727272727273
"464",0.181818181818182,0.272727272727273,1e-04,1e-04,0.0909090909090909,0.0909090909090909,0.636363636363636,0.363636363636364
"465",0.181818181818182,0.272727272727273,1e-04,1e-04,0.0909090909090909,1e-04,0.545454545454545,0.454545454545455
"466",0.181818181818182,0.272727272727273,1e-04,1e-04,1e-04,0.181818181818182,0.636363636363636,0.363636363636364
"467",0.181818181818182,0.272727272727273,1e-04,1e-04,1e-04,0.0909090909090909,0.545454545454545,0.454545454545455
"468",0.181818181818182,0.272727272727273,1e-04,1e-04,1e-04,1e-04,0.454545454545455,0.545454545454545
"469",0.181818181818182,0.272727272727273,1e-04,1e-04,0.181818181818182,0.181818181818182,0.818181818181818,0.181818181818182
"470",0.181818181818182,0.272727272727273,1e-04,1e-04,0.181818181818182,0.0909090909090909,0.727272727272727,0.272727272727273
"471",0.181818181818182,0.272727272727273,1e-04,1e-04,0.181818181818182,1e-04,0.636363636363636,0.363636363636364
"472",0.181818181818182,0.272727272727273,1e-04,1e-04,0.0909090909090909,0.181818181818182,0.727272727272727,0.272727272727273
"473",0.181818181818182,0.272727272727273,1e-04,1e-04,0.0909090909090909,0.0909090909090909,0.636363636363636,0.363636363636364
"474",0.181818181818182,0.272727272727273,1e-04,1e-04,0.0909090909090909,1e-04,0.545454545454545,0.454545454545455
"475",0.181818181818182,0.272727272727273,1e-04,1e-04,1e-04,0.181818181818182,0.636363636363636,0.363636363636364
"476",0.181818181818182,0.272727272727273,1e-04,1e-04,1e-04,0.0909090909090909,0.545454545454545,0.454545454545455
"477",0.181818181818182,0.272727272727273,1e-04,1e-04,1e-04,1e-04,0.454545454545455,0.545454545454545
"478",0.181818181818182,0.272727272727273,1e-04,1e-04,0.181818181818182,0.181818181818182,0.818181818181818,0.181818181818182
"479",0.181818181818182,0.272727272727273,1e-04,1e-04,0.181818181818182,0.0909090909090909,0.727272727272727,0.272727272727273
"480",0.181818181818182,0.272727272727273,1e-04,1e-04,0.181818181818182,1e-04,0.636363636363636,0.363636363636364
"481",0.181818181818182,0.272727272727273,1e-04,1e-04,0.0909090909090909,0.181818181818182,0.727272727272727,0.272727272727273
"482",0.181818181818182,0.272727272727273,1e-04,1e-04,0.0909090909090909,0.0909090909090909,0.636363636363636,0.363636363636364
"483",0.181818181818182,0.272727272727273,1e-04,1e-04,0.0909090909090909,1e-04,0.545454545454545,0.454545454545455
"484",0.181818181818182,0.272727272727273,1e-04,1e-04,1e-04,0.181818181818182,0.636363636363636,0.363636363636364
"485",0.181818181818182,0.272727272727273,1e-04,1e-04,1e-04,0.0909090909090909,0.545454545454545,0.454545454545455
"486",0.181818181818182,0.272727272727273,1e-04,1e-04,1e-04,1e-04,0.454545454545455,0.545454545454545
